id,domain,capability,operations,realtime_or_stream,risk,gate,verification
TD-001,Connection,Manual server URL and reachability test,connect/read,connection state,low,all,"valid/invalid URL; offline; timeout"
TD-002,Connection,LAN discovery and saved multi-server switching,discover/create/read/update/delete,discovery events,low,platform capability,"multiple servers; duplicate identity; renamed host"
TD-003,Connection,TLS certificate inspection and pinning,read/trust/rotate,certificate change,high,all,"self-signed TOFU; mismatch block; approved rotation"
TD-004,Authentication,Username and password login,login/logout,session state,high,all,"valid; invalid; rate limit; reconnect"
TD-005,Authentication,API-key login and secure storage,login/create/read/update/delete,session state,critical,"25.04/25.10 PLAIN over WSS; 26+ SCRAM","key never logged; secure-vault readback; revocation"
TD-006,Authentication,Two-factor continuation and setup,login/create/update,session state,high,server capability,"OTP success/failure; recovery; clock skew"
TD-007,Authentication,Session renewal reconnect and logout,read/update/delete,connection state,high,all,"expired token; background resume; server reboot"
TD-008,Authorization,RBAC-aware navigation and field redaction,read,role/capability changes,high,server roles,"FULL_ADMIN; READONLY_ADMIN; SHARING_ADMIN; REPLICATION_ADMIN; denied action"
TD-009,Global,Global search and command palette,read/navigate,search index,low,all,"screen/action/result search; permission filtering"
TD-010,Global,Alerts list dismiss reopen and alert settings,read/update,alert events,high,all,"new/changed/cleared alerts; critical badge"
TD-011,Global,Jobs center with progress logs abort and history,read/update,core.get_jobs events and logs,high,all,"queued/running/success/failed/aborted; reconnect"
TD-012,Global,Power actions reboot shutdown failover,execute,power/failover state,critical,role and edition,"typed confirmation; reconnect; HA node selection"
TD-013,Global,User menu password API keys 2FA docs and about,read/create/update/delete,session state,high,all,"self-service permissions; key one-time reveal"
TD-014,Dashboard,System identity version uptime and hardware summary,read,system events,low,all,"loading/partial/offline; edition badges"
TD-015,Dashboard,CPU memory temperature and load widgets,read,reporting stream,low,metric availability,"live update; missing sensors; unit formatting"
TD-016,Dashboard,Storage pool and capacity widgets,read,pool events,low,all,"healthy/degraded/faulted/offline; thresholds"
TD-017,Dashboard,Network interface and throughput widgets,read,reporting stream,low,all,"link changes; multiple NICs; units"
TD-018,Dashboard,Widget reorder visibility and local preferences,read/update,none,low,all,"persist per server/account; reset"
TD-019,Storage,Pool list status import and export,read/create/update/delete,pool events and jobs,critical,all,"import encrypted; export with/without data deletion"
TD-020,Storage,Pool creation wizard and topology validation,create,job progress,critical,all,"stripe/mirror/RAIDZ/dRAID; spare/cache/log/special/dedup gates"
TD-021,Storage,VDEV add extend attach detach offline online remove,create/update/delete,job progress,critical,hardware/topology,"valid and invalid topology; interruption; rollback guidance"
TD-022,Storage,Disk inventory drive-health and SED controls,read/update/execute,disk events and jobs,critical,hardware capability,"serial collisions; wipe; health warnings; SED lock; no removed 25.10 SMART scheduling UI"
TD-023,Storage,Disk replace resilver and progress,update/execute,job and pool events,critical,all,"replace/offline target; resilver resume/failure"
TD-024,Storage,Pool scrub expand upgrade and options,read/update/execute,job progress,high,server capability,"scheduled/manual scrub; cancel; feature upgrade warning"
TD-025,Storage,Pool encryption and recovery material,read/update/download,job and one-time file,critical,encryption capability,"key/passphrase; download once; locked pool"
TD-026,Datasets,Dataset tree list create edit rename and delete,read/create/update/delete,dataset events,critical,all,"deep tree; inherited properties; recursive delete confirmation"
TD-027,Datasets,Zvol create edit and delete,read/create/update/delete,dataset events,critical,all,"sparse/thick; block size; in-use protection"
TD-028,Datasets,Dataset presets and capacity properties,read/create/update,dataset events,high,all,"generic/SMB/apps presets; quota/refquota/reservation"
TD-029,Datasets,Dataset lock unlock and encryption inheritance,read/update,job progress,critical,encryption capability,"key/passphrase; recursive unlock; failure details"
TD-030,Datasets,ACL editor and basic permissions,read/update,job progress,critical,ACL type,"NFSv4/POSIX; recursive apply; owner/group; dry summary"
TD-031,Datasets,User and group quotas,read/create/update/delete,none,high,all,"name/id resolution; object quotas; unlimited"
TD-032,Datasets,Snapshot list create clone rollback hold and delete,read/create/update/delete,snapshot events and jobs,critical,all,"recursive; dependent clones; destructive rollback"
TD-033,Shares,Shares overview and backing service state,read/update,service and share events,high,all,"configured/running mismatch; start/enable service"
TD-034,Shares,SMB share CRUD presets ACL relations and sessions,read/create/update/delete,SMB status events,critical,SMB capability,"Time Machine; private; shadow copy; multichannel; disconnect session"
TD-035,Shares,NFS share CRUD and sessions,read/create/update/delete,NFS status events,critical,NFS capability,"hosts/networks; maproot/mapall; expose snapshots"
TD-036,Shares,iSCSI global portals initiators targets extents auth and mappings,read/create/update/delete,service and job state,critical,iSCSI capability,"file/device extent; CHAP; target-extent dependencies"
TD-037,Shares,NVMe-oF subsystems ports hosts namespaces and ANA,read/create/update/delete,service state,critical,25.10+ and capability,"TCP/RDMA gates; dependency delete; live status"
TD-038,Shares,WebShare CRUD and service configuration,read/create/update/delete,service state,high,server capability,"authorized path; service prerequisite"
TD-039,Shares,Fibre Channel ports hosts targets and mappings,read/create/update/delete,service state,critical,Enterprise hardware,"FC card detection; mapping; failover"
TD-040,Data Protection,Protection dashboard and task health,read,task and alert events,low,all,"last/next run; failure drill-down"
TD-041,Data Protection,Periodic snapshot task CRUD and run,read/create/update/delete/execute,job progress,high,all,"schedule; naming; retention; recursive/exclude"
TD-042,Data Protection,Replication wizard task CRUD run and restore support,read/create/update/delete/execute,job progress and logs,critical,all,"push/pull; local/SSH; encrypted; resume token; failed transfer"
TD-043,Data Protection,Cloud Sync credential task CRUD run and restore,read/create/update/delete/execute,job progress and logs,critical,provider capability,"PUSH/PULL/SYNC/COPY/MOVE; encryption; bandwidth; provider errors"
TD-044,Data Protection,TrueCloud Backup task CRUD run restore and snapshots,read/create/update/delete/execute,job progress and logs,critical,server capability,"credential; retention; restore target; interrupted job"
TD-045,Data Protection,Rsync task CRUD and run,read/create/update/delete/execute,job progress and logs,high,server capability,"module/SSH; direction; schedule; partial transfer"
TD-046,Data Protection,VMware snapshot task CRUD,read/create/update/delete/execute,job progress,high,server capability,"credential validation; snapshot failure cleanup"
TD-047,Credentials,Local users lifecycle home SSH sudo SMB and password,read/create/update/delete,user events,critical,all,"built-in protection; UID conflicts; secret redaction"
TD-048,Credentials,Local groups lifecycle members and privileges,read/create/update/delete,group events,critical,all,"GID conflicts; primary group; delete-in-use"
TD-049,Credentials,Privileges and role assignment,read/create/update/delete,privilege events,critical,RBAC capability,"built-in immutable; custom roles; effective access preview"
TD-050,Credentials,Directory services AD LDAP IPA and status,read/create/update/delete/execute,directory-service monitor and jobs,critical,server capability,"join/leave; DNS/time failures; credential redaction"
TD-051,Credentials,Kerberos realms keytabs and settings,read/create/update/delete,service state,critical,server capability,"file upload; realm dependency; secret redaction"
TD-052,Credentials,ID mapping configuration,read/create/update/delete,service state,critical,server capability,"range overlap; backend-specific schema"
TD-053,Credentials,Cloud credentials and validation,read/create/update/delete/execute,validation job,critical,provider capability,"secret one-way fields; provider schema drift"
TD-054,Credentials,SSH keypair and connection credentials,read/create/update/delete/execute,validation job,critical,all,"host key trust; private key protection; remote validation"
TD-055,Credentials,Certificates CAs CSRs and ACME authenticators,read/create/update/delete/import/download,job and file transfer,critical,server capability,"private key never exposed; chain validation; renewal"
TD-056,Credentials,KMIP configuration status and key sync,read/create/update/delete/execute,KMIP events and jobs,critical,Enterprise,"TLS validation; sync failure; disable warning"
TD-057,Apps,Apps service pool configuration and migration,read/update/execute,job progress,critical,apps capability,"pool select; migration; unavailable catalog"
TD-058,Apps,Catalog discover categories search and details,read,catalog update events,low,apps capability,"offline catalog; train/category filters"
TD-059,Apps,Install custom install edit upgrade rollback and delete app,read/create/update/delete/execute,job progress and app events,critical,apps capability,"dynamic schema; storage/network/GPU; rollback; delete data choice"
TD-060,Apps,Start stop restart redeploy and app notes/portals,read/update/execute,app events and jobs,high,apps capability,"state machine; concurrent action guard"
TD-061,Apps,Container logs follow download and shell,read/stream/execute,log and terminal streams,critical,apps capability,"ANSI; reconnect; resize; auth expiry"
TD-062,Apps,Docker images and registries lifecycle,read/create/update/delete,pull job progress,critical,apps capability,"registry secrets; prune-in-use; pull errors"
TD-063,Containers,Container list create clone edit delete and lifecycle,read/create/update/delete/execute,container events and jobs,critical,container capability,"state guard; image/profile errors; destructive delete"
TD-064,Containers,Container CPU memory disk network GPU USB devices,read/create/update/delete,container/device events,critical,hardware capability,"hot-plug gate; unavailable device; limits"
TD-065,Containers,Container shell and console,read/stream/execute,terminal stream,critical,container capability,"resize; reconnect; permission denied"
TD-066,Virtualization,VM list create clone edit delete and lifecycle,read/create/update/delete/execute,VM events and jobs,critical,VM capability,"UEFI/BIOS; autostart; state guard; force stop"
TD-067,Virtualization,VM devices disk NIC display PCI GPU USB and CD-ROM,read/create/update/delete,VM/device events,critical,hardware capability,"IOMMU; in-use device; boot order"
TD-068,Virtualization,VM serial console and display launch,read/stream/execute,terminal/session stream,critical,VM capability,"token expiry; resize; unavailable console"
TD-069,Reporting,CPU disk memory network system and UPS charts,read,reporting stream,low,metric capability,"range/aggregation; missing gaps; timezone; units"
TD-070,System,Update train check download install manual update and reboot,read/update/upload/execute,job progress and reboot,critical,all,"signature/error; resume; rollback boot environment"
TD-071,System,General settings localization GUI certificate email and support,read/update/execute,config events,critical,edition capability,"UI address/port change reconnect; email test"
TD-072,System,Advanced settings console syslog kernel isolated GPU and data controls,read/update,config events,critical,hardware/version capability,"reboot-required; invalid kernel/syslog config"
TD-073,System,Network global interfaces bridge bond VLAN routes and pending-change check-in,read/create/update/delete/execute,network events and timer,critical,all,"test/save/revert countdown; current-path lockout protection"
TD-074,System,IPMI configuration and channels,read/update,IPMI events,critical,hardware capability,"unavailable BMC; credential protection"
TD-075,System,Boot environments status activate clone rename delete and scrub,read/create/update/delete/execute,job progress,critical,all,"active/next boot protection; space pressure"
TD-076,System,Service configure start stop restart enable and status,read/update/execute,service events,critical,service capability,"dependency warning; startup failure"
TD-077,System,System shell with resize paste and reconnect,read/stream/execute,terminal stream,critical,role and platform,"websocket shell; auth expiry; backgrounding; clipboard warning"
TD-078,System,Cron tunables and init/shutdown scripts,read/create/update/delete,config events,critical,role and version,"invalid schedule; command warning; ordering"
TD-079,System,Audit log filters details export and retention,read/update/download,audit events or refresh,high,RBAC/edition,"redaction; large export; timezone"
TD-080,System,Enclosure/JBOF visualization identify and slot actions,read/update/execute,enclosure events,critical,Enterprise hardware,"real chassis mapping; identify LED; failover node"
TD-081,System,System configuration backup upload restore and factory reset,download/upload/execute,job progress and reboot,critical,all,"secret seed options; restore validation; typed factory-reset confirmation"
TD-082,System,Support ticket debug bundle EULA feedback and license,read/create/upload/download,job progress,high,edition/network,"PII preview; offline; bundle generation; upload failure"
TD-083,Enterprise,HA status failover synchronization and node-aware operations,read/update/execute,failover events,critical,Enterprise HA,"active/standby; VIP reconnect; split-brain guards"
TD-084,Enterprise,TrueNAS Connect and TrueCommand registration/status,read/create/update/delete,connection events,high,server capability,"claim/unclaim; token protection; offline"
TD-085,Quality,Capability discovery and per-version adapter selection,read,connection/version events,high,"25.04,25.10,26+","core.get_methods schema/roles diff; unknown method hidden with reason"
TD-086,Quality,Offline/error/partial-data and retry behavior,read/retry,connection and job events,high,all,"network flap; server reboot; event gap resync; no duplicate mutation"
TD-087,Quality,Accessibility localization and adaptive layouts,all,none,medium,all,"screen reader; keyboard; 200% text; Korean/English; 320px to desktop"
TD-088,Quality,Parity ledger and release evidence,all,all,critical,all,"every applicable row automated on real server; evidence artifact and zero unexplained skips"
