id,status,current_scope,remaining_scope,live_evidence
TD-001,native_partial,Manual endpoint validation and authenticated connection,Independent reachability diagnosis and real offline acceptance,read_subset_observed_25.10.1
TD-002,native_partial,Saved profiles and selected-server switching,LAN discovery and automatic authenticated multi-server reconnect,not_run
TD-003,native_partial,Certificate inspection trust storage and pin checks,Real rotation and cross-platform acceptance,not_run
TD-004,native_partial,Verified TLS password login with transient entry and same-channel manual OTP continuation,Password reset HA redirect handoff additional release adapters and live acceptance,not_run
TD-005,native_partial,API-key login and platform credential storage; own eligible local-account create edit rotate delete with current-key protection and explicit one-time secret disclosure,Other-account lifecycle SCRAM release adapters complete WebUI parity and live-write acceptance,read_subset_observed_25.10.1
TD-006,native_partial,Bounded same-channel OTP continuation with cancellation timeout and no credential persistence,Two-factor enrollment replacement recovery and secure disclosure,not_run
TD-007,native_partial,Close session and stale-session invalidation,Renewal reconnect event resync and background resume,not_run
TD-008,foundation_partial,Advertised method and supported-schema gates with denied-call handling,Effective-role navigation and complete field-level authorization preview,read_subset_observed_25.10.1
TD-009,native_partial,Global compiled feature domain and 317 policy-entry search with Korean aliases API-method matching guarded native navigation Ctrl-Meta-K arrows Enter Escape authentication-popup-secret-focus guards and lifecycle clearing; no NAS content index or app query persistence,Actual server-object global search complete Korean localization ranking personalization and live platform acceptance,not_run
TD-010,native_partial,Sanitized alert center with15ordinary-class dismiss restore plus projected Mail and nine bounded external-provider lifecycle forms write-only credentials explicit enablement full API envelopes and readback plus native class severity timing selected reset and eligible proactive-support override with whole-map preservation and configuration charts,One-shot custom and HA mutation bulk actions alert events provider tests SNMPv3 and other unsupported variants queue management recipient delivery global support enrollment and complete settings workflow,read_subset_observed_25.10.1
TD-011,native_partial,Native filtered jobs with progress and exact issued-job cancellation; fresh identity preflight; terminal-state checks and unknown locking; fake-wire and widget tests,Live progress streams secure logs durable history and real-write acceptance,read_subset_observed_25.10.1
TD-012,native_partial,Standalone public host boot identity and readiness inventory; reason draft and exact-target interruption review for one reboot or shutdown job; shared accepted and unknown fences with explicit same-host reconnect verification and inspection acknowledgement without polling retry or automatic reconnect,HA coordination changed next-boot environment admission forced or delayed operations durable app-restart recovery automatic reconnect and live power acceptance,not_run
TD-013,native_partial,Protected own-account API-key lifecycle workspace with current-key checks and one-time disclosure; account profile editing subset,Unified user self-service menu password change two-factor enrollment recovery other-account keys and complete WebUI parity,not_run
TD-014,native_partial,System identity release dashboard summary bounded read-only uptime CPU core memory manufacturer product ECC card and advertised known product edition without serial or license projection,Hardware event details broader edition adapters and live release acceptance,read_subset_observed_25.10.1
TD-015,native_partial,Authenticated live CPU core temperature and physical-memory widgets with bounded receipt-time history plus refreshed system.info one-five-fifteen-minute load-average comparison chart and exact Reporting load-history entry,Streaming load history further sensors widget-specific configuration and live release acceptance,read_subset_observed_25.10.1
TD-016,native_partial,Pool status and individual capacity donuts,Live pool events and full per-pool drill-down,read_subset_observed_25.10.1
TD-017,native_partial,Per-interface receive/send event charts exact rate units link status and bounded history,Interface-specific customization general inventory event resync and live acceptance,read_subset_observed_25.10.1
TD-018,native_partial,Per-profile authenticated-endpoint local section order visibility reset and validated versioned persistence,Widget-level options sync across devices and real platform acceptance,not_run
TD-019,native_partial,Pool inventory and import discovery; mutations blocked,Import/export wizard with encryption and data-delete preview,read_subset_observed_25.10.1
TD-020,blocked_specialized,Pool creation catalog entry with reason,Topology wizard device ownership validation and progress recovery,not_run
TD-021,blocked_specialized,VDEV action entries and existing observation fixtures,Native topology editing and interruption-safe validation,not_run
TD-022,native_partial,Native passive disk inventory and reviewed description edits; verified nonboot ATA HDD standby and APM settings with identity ownership job guards changed-field patches and independent readback,Live health temperature and SMART diagnostics SED controls wipe replacement full device maintenance and live-write acceptance,not_run
TD-023,blocked_specialized,Replace action identified with safety gate,Exact disk replacement wizard and resilver progress,not_run
TD-024,native_partial,Native pool and nullable scan inventory with progress bars; manual scrub START STOP through nontransient owned jobs and explicit checks; schedule CRUD enable disable and configured-enable doughnut with shared pending and unknown fences,Pause resume scheduled run HA unhealthy and boot pools topology expansion upgrade encryption atomic scan identity complete storage workflow and live-write acceptance,not_run
TD-025,blocked_specialized,Recovery-key operations explicitly disabled,Protected encryption wizard and one-time recovery download,not_run
TD-026,native_partial,Dataset tree creation guarded deletion and dedicated quota reservation and verified-leaf behavior property editing,Rename Zvol support encrypted/managed datasets unrestricted inheritance and recursive dependency preview with live acceptance,read_subset_observed_25.10.1
TD-027,native_partial,Native Zvol inventory provisioning-count chart creation thin growth selected settings and guarded deletion with capacity block-size and configured-consumer checks,Reserved-volume growth encryption arbitrary-consumer discovery integrated VM allocation complete wizard and live acceptance,not_run
TD-028,native_partial,Filesystem quota reservation compression atime readonly editor with source/effective review fresh capacity and verified read-back,Presets complete property and non-leaf inheritance workflows compatibility matrix and live acceptance,read_subset_observed_25.10.1
TD-029,blocked_specialized,Lock unlock and key rotation entries disabled,Dedicated encryption inheritance and recovery-material flow,not_run
TD-030,native_partial,Native ordered POSIX/NFSv4 root ACL editor identity lookup bounded mode review owned jobs and independent readback,Ownership recursive impact and mutation arbitrary paths ACL-wide flags protected datasets and live acceptance,not_run
TD-031,native_partial,Native USER/GROUP exact byte and object limits with numeric identity resolution; Unlimited and honest usage bars; issued reviews shared locks fresh dataset identity and dependency checks plus independent readback,Project and bulk or recursive quotas protected datasets immutable account-generation proof arbitrary-consumer discovery complete WebUI parity and live-write acceptance,not_run
TD-032,native_partial,Native list create delete plus read-only clone latest-snapshot rollback hold release visible-descendant snapshot sets and selected bulk deletion; immutable impact review and fresh GUID/dependency checks,Arbitrary older recovery bookmarks third-party holds atomic recursive snapshots encrypted clones full tree and real-write acceptance,not_run
TD-033,native_partial,Unified SMB NFS service and share overview with configured enablement doughnut read-only ratio bars exact-path grouping search and native management links plus separate iSCSI target extent LUN summary mapped-ratio bar bounded searchable target-to-LUN explorer and separate NVMe-oF subsystem port namespace association summary with four-segment ANA and PI configuration doughnuts unresolved-reference warnings and native iSCSI and NVMe-oF workspace links; failed inventories remain unavailable,Fibre Channel WebShare client sessions events alias or descendant path resolution full dependency topology and live acceptance,not_run
TD-034,native_partial,Native default-purpose share lifecycle plus standalone global SMB name workgroup description multichannel and non-downgrading encryption editor with changed-field patches private dependency proofs configuration charts restart-impact review and independent saved-config readback,Share ACL editing share rename advanced presets remaining global options live client sessions runtime attestation encrypted or HA roots directory integration and live-write acceptance,not_run
TD-035,native_partial,Native export lifecycle and IPv4 access mapping plus stopped-service global NFS auto or manual workers protocols verified IPv4 bindings and logging editor with configured export dependency guards changed-field patches semantic readback configuration charts and shared fences,DNS and netgroups IPv6 editing Kerberos RDMA HA service port reassignment running-service global edits snapshot exposure arbitrary paths remaining protocol settings live clients and live-write acceptance,not_run
TD-036,native_partial,Native portal listeners initiator names and target-group authentication mode joined to targets extents and LUN topology with mapped-ratio and target-by-target LUN distribution and extent type/status charts plus local extent search and on-demand target-name validation; on-demand active session snapshot and per-target share bars; global basename iSNS listen port threshold ALUA and iSER with separately queried service runtime/autostart; dedicated on-demand CHAP ID tag username peer username and discovery-auth references without secret values; extent paths and serials withheld; reviewed single-address portal creation unreferenced portal deletion and listener replacement unbound target creation deletion rename alias updates and reviewed explicit portal/initiator access association and sole-group detachment without CHAP or LUN and unassigned initiator group creation unreferenced group deletion and single-IQN replacement addition and removal plus reviewed initial and additional unbound target-extent mappings at explicit LUN 0-31 and initial and additional LUN mapping on an explicit no-CHAP access-bound target plus additional LUN renumbering and non-forced unmap and pool free-space threshold initiator-description and extent-description updates with independent readback and shared uncertain-outcome fence,Protected CHAP create rotate delete and target-dependency review backing-extent ownership reviewed dependency-aware changes continuous session events and full WebUI parity,not_run
TD-037,native_partial,Native bounded secret-free NVMe-oF subsystem port namespace and port-association topology with visible searchable subsystem NQN ANA overrides PI enablement and maximum queue IDs plus independent read-only global configuration and separately reported NVMe service state and start-on-boot projection and on-demand host NQN and host-association explorer with ratio charts and typed secret-stripping SDK read plus reviewed restricted subsystem creation with host-association readback non-forced deletion any-host restriction NQN-preserving rename and ANA or PI editing of empty unassociated subsystem and single host access grant or revocation non-forced unassociated host deletion reviewed port association unmapping guarded disabled-port mapping of an empty restricted subsystem and non-forced deletion of unused disabled port with dependency rereads and uncertainty fence; generic host read and selected generic writes blocked,Protected host key management attached-subsystem name changes NQN changes ANA or PI editing on attached systems live sessions backing ownership remaining dependency-aware management editors and live acceptance,not_run
TD-038,blocked_specialized,WebShare entry disabled because public baseline adapter is unverified,Version-specific public adapter CRUD and service workflow,not_run
TD-039,schema_partial,Fibre Channel inventory operations; mutations blocked,Hardware detection and node-aware host/port/target mapping,not_run
TD-040,native_partial,Unified snapshot-schedule replication Cloud Sync and Rsync overview; configured enablement doughnut last-recorded state bars local search family filters and selected-inventory-refresh native links; failed sources excluded not zero,TrueCloud Backup VMware exact next-run predictions recovery integrity freshness subscriptions detailed failure diagnostics global route-entry refresh and complete WebUI parity,not_run
TD-041,native_partial,Native periodic snapshot policy create edit enable-disable and delete; server-timezone cron and retention controls; bounded existing-snapshot impact manifests and dependency checks; one explicit queued run is accepted not snapshot completion,Replication and VMware coordination removal-date fixation symbolic cron overnight or equal-time windows exact next-run and expiry simulation policy import-export complete WebUI parity and live-write acceptance,not_run
TD-042,native_partial,Local single-source manual PUSH task lifecycle with destination snapshot identity retention review and owned-job polling,Remote SSH/PULL recursive encrypted scheduled replication restore and live transfer acceptance,not_run
TD-043,native_partial,Existing S3/Dropbox reference task editor with direction mode schedule exclusions deletion review and owned-job polling; native credential setup linked separately,OAuth setup more providers remote browsing restore abort and live transfer acceptance,not_run
TD-044,schema_partial,Backup inventory recovery-point list run and task deletion,Credential/task creation retention and conflict-aware restore browser,not_run
TD-045,native_partial,Native projected task inventory enablement doughnut stale recorded-state bars disabled SSH PUSH task create edit separate enable disable delete and issued-job manual run checks; fixed one-filesystem protection exact public identity path proofs before-after review and shared unknown fences without remote validation or key scan; four-family protection overview integration,MODULE PULL mirroring archive and arbitrary options remote setup or verification cancellation HA complete mount discovery and live transfer acceptance,not_run
TD-046,blocked_specialized,VMware integration entry requires protected credentials,Credential validation task CRUD and coordinated snapshot cleanup,not_run
TD-047,native_partial,Native user inventory create profile/shell/SMB/password/SSH-key/lock and membership editing plus guarded deletion; built-in current-account and last-admin checks,Home allocation/migration full sudo command editing directory-backed lifecycle and real-write acceptance,not_run
TD-048,native_partial,Native group inventory create rename SMB membership and guarded empty-group deletion with primary/privilege dependency checks,Full sudo command editing directory-backed lifecycle ACL reference discovery and real-write acceptance,not_run
TD-049,native_partial,Native privilege mapping and effective group-role review; protected membership removal and last-admin checks,Direct role/privilege grant editor directory group mapping and full effective access acceptance,not_run
TD-050,schema_partial,Directory service status; configuration blocked,Join/leave provider forms trusted credentials and monitor,not_run
TD-051,schema_partial,Kerberos realm CRUD operations; keytab blocked,Secure keytab upload/download and realm dependencies,not_run
TD-052,native_partial,Protected AD IDMAP inventory and chart plus LDAP transport and schema overview and bounded reviewed anonymous LDAP server URL Base DN optional search bases 19 allowlisted attribute maps schema and TLS editor plus reviewed disabled-service RID and AD range and non-secret option editing for primary and up to eight existing trusted domains and isolated RID-AD trusted-domain addition or removal or existing-domain backend migration with owned-job saved-state verification and reviewed anonymous LDAP enable disable with owned job health verification and guarded directory cache refresh and AD-only keytab synchronization,broader LDAP and auxiliary-parameter editing password-bearing credentials account-resolution verification remote trust administration live-write acceptance and complete WebUI parity,not_run
TD-053,native_partial,Safe credential reference inventory and referenced-unreferenced count doughnut; S3 Dropbox write-only create name-only rename complete provider replacement and unreferenced deletion with fresh task dependency checks,OAuth enrollment remaining providers explicit remote verification credential validity attestation complete WebUI parity and live-write acceptance,not_run
TD-054,native_partial,Safe keypair connection inventories public fingerprints write-only OpenSSH import explicit generate-store manually trusted connections and guarded unreferenced rename delete with no cascade,Semiautomatic remote account setup host scans remote verification encrypted or PEM import attribute replacement private export full trust lifecycle and live acceptance,not_run
TD-055,blocked_specialized,Certificate query/create entries disabled,Certificate/CA/CSR/ACME workflow and protected private keys,not_run
TD-056,blocked_specialized,KMIP entries disabled pending encryption safeguards,Enterprise key manager setup sync recovery and disable checks,not_run
TD-057,native_partial,Native application pool and service readiness display with pool-drift guards; configuration changes blocked,Pool selection migration progress recovery and live acceptance,not_run
TD-058,native_partial,Bounded native catalogue cards search concrete versions and detail forms with current-session handles; fake-wire tests,Complete train/category filters offline catalogue browsing events and live acceptance,not_run
TD-059,native_partial,Supported catalogue installs restricted existing scalar leaf edits config-preserving upgrades and typed-name uninstall with private configuration drift and owned-job readback guards; fake-wire tests,Protected values lists storage permission and device edits conditional selectors effectfully normalized apps custom YAML rollback optional destructive storage cleanup and live acceptance,not_run
TD-060,native_partial,State-aware native installed inventory start stop and redeploy with owned-job progress and verified runtime convergence; fake-wire tests,App notes portals complete event updates and live concurrent-operation acceptance,not_run
TD-061,blocked_specialized,Console entry explains streaming requirement,Authenticated log follow/download and interactive container shell,not_run
TD-062,schema_partial,Image inventory and deletion; pulls/registries blocked,Protected registry CRUD image pull progress and in-use safeguards,not_run
TD-063,blocked_specialized,Container entry disabled because public baseline adapter is unverified,Release-specific container lifecycle clone create/edit/delete and state checks,not_run
TD-064,blocked_specialized,Container-device entry disabled,Hardware-aware hot-plug resource and device editor,not_run
TD-065,missing,No container terminal implementation,Authenticated shell/console stream resize and reconnect,not_run
TD-066,native_partial,Native VM inventory creation CPU/memory/boot/autostart editor and reviewed lifecycle controls; stopped-only deletion preserving storage and owned job polling,VM cloning backing-storage allocation guest installation orchestration and real-write acceptance,not_run
TD-067,native_partial,Native existing-zvol NIC ISO/CDROM and local display device attachment/order/detach with fresh identity and resource checks,IOMMU PCI/USB GPU passthrough raw disks full advanced device editing and real-write acceptance,not_run
TD-068,blocked_specialized,VM console and display entries disabled,Authenticated serial/display sessions resize and token expiry,not_run
TD-069,native_partial,Discovered histories through365days customUTC periods earlier/later localzoom line/area/bars exactsampleinspection and bounded realtime charts,Every specialized WebUI chart layout retention/aggregation configuration higher-resolution zoom and live release acceptance,read_subset_observed_25.10.1
TD-070,native_partial,Local readiness and capacity graph plus explicit release check download install and owned-job recovery without automatic reboot,Manual-file upload HA older/newer releases warning resume reboot reconnect rollback and live acceptance,not_run
TD-071,native_partial,Projected timezone and NTP CRUD with configured charts plus native changed-field SMTP settings protected password intents and separately reviewed saved-config single-recipient test email with owned-job checks,GUI localization certificates support OAuth mail migration plaintext SMTP writes arbitrary messages attachments queue management complete notification providers NTP force and private peers HA and live acceptance,not_run
TD-072,blocked_specialized,Advanced configuration entries with specific safety reasons,Setting-specific kernel GPU syslog and reboot-impact editors,not_run
TD-073,native_partial,Standalone non-HA physical IPv4/DHCP description and MTU editor with reviewed temporary test explicit keep/revert and read-only reconnect verification,DNS gateways routes bridges bonds VLANs IPv6 HA endpoint migration and live concurrent-editor recovery acceptance,read_subset_observed_25.10.1
TD-074,blocked_specialized,IPMI channel configuration entries require protected flow,Hardware-aware BMC network and credential editor,not_run
TD-075,native_partial,Native boot inventory relative-space bars reviewed clone keep next-boot activation and guarded deletion with HA and active-job admission,Full boot-pool device maintenance HA workflows boot dependency graph unavailable public rename and live acceptance,not_run
TD-076,native_partial,Dedicated service start stop restart and schema autostart plus native bounded SMB and stopped NFS global configuration with shared service mutation fences and impact reviews,Remaining service-specific settings full dependency previews live events runtime configuration attestation and live-write acceptance,read_subset_observed_25.10.1
TD-077,blocked_specialized,Shell entry explicitly cannot execute through generic forms,Authenticated terminal resize paste policy reconnect and expiry,not_run
TD-078,native_partial,Native projected cron and startup-shutdown COMMAND lifecycle with disabled-first creation separate enablement private command preservation or write-only replacement numeric schedules local-user proofs phase and enablement charts exact reviews readback shared unknown fences and reviewed one-shot enabled-task cronjob.run receipt without job polling or output reads; tunable inventory remains schema-based,Exact next-run simulation broader schedules directory accounts SCRIPT file ownership validation full tunable editing runtime cancellation command-safety attestation complete WebUI parity and live-write acceptance,not_run
TD-079,native_partial,Native bounded audit metadata viewer with service actor result and fixed-UTC interval filtering plus per-page result chart; protected audit configuration projection retention and dataset usage charts plus reviewed retention-reservation-quota-threshold editing; reviewed single-service CSV-JSON-YAML export with explicit 10000-row cap two owned jobs pinned same-server bounded gzip plus decoded USTAR structure and parsed YAML map-row validation byte wiping and uncertainty fence,HA remote-controller queries audit-event field-schema validation signed report integrity full redaction acceptance and live-write validation,not_run
TD-080,native_partial,Read-only chassis and numbered-slot overview with occupancy bar and per-slot disk pool vdev and error details; LED and JBOF actions blocked,Verified physical front/rear coordinates and node-aware identify workflow require hardware-specific mapping,not_run
TD-081,native_partial,Protected export and trusted-file restore plus dedicated standalone factory-reset-and-reboot review with FULL_ADMIN host-boot-readiness proof current-route guards separate backup-key and pending-restore consents one-use confirmation acceptance-only receipts and shared independent-recovery fences; generic reset and no-reboot variant blocked,HA recovery first-account setup other-platform secure file adapters durable recovery encrypted export pending-restore detection complete compatibility validation and live restore-reset acceptance,not_run
TD-082,blocked_specialized,Support ticket/debug entries require privacy/file workflows,PII preview secure bundles license EULA feedback and submission,not_run
TD-083,schema_partial,HA entitlement node readiness and state queries; writes blocked,Active/standby-aware synchronization VIP reconnect and split-brain guards,not_run
TD-084,blocked_specialized,Connect/TrueCommand entries require protected registration flows,Claim/unclaim token protection registration lifecycle and offline recovery,not_run
TD-085,foundation_partial,Compiled operation policy version/method/schema gates and unavailable reasons,Full supported-release adapter matrix schema drift and real RBAC evidence,not_run
TD-086,foundation_partial,Session-bound writes with shared locks owned app jobs private configuration drift/readback single-use UI reviews bounded history liveeventbuffers lifecycle cleanup and unknown outcomes,General event gap resync automatic reconnect durable recovery history and live interruption tests,not_run
TD-087,foundation_partial,Adaptive dashboard/theme accessibility tests and native form foundation,Complete Korean/English localization and every workflow 320px/200percent/keyboard audit,not_run
TD-088,foundation_partial,All 88 requirements have honest partial/missing status ledger,Real isolated-server acceptance evidence for every applicable row and zero unexplained skips,not_run
